http://dbpedia.org/resource/Hasheem_Thabeet, http://dbpedia.org/resource/Portland_Trail_Blazers, Center, 2.2098
http://dbpedia.org/resource/Roy_Hibbert, http://dbpedia.org/resource/Indiana_Pacers, Center, 2.1844
http://dbpedia.org/resource/Solomon_Alabi, http://dbpedia.org/resource/Toronto_Raptors, Center, 2.159
http://dbpedia.org/resource/Spencer_Hawes, http://dbpedia.org/resource/Philadelphia_76ers, Center, 2.159
http://dbpedia.org/resource/Timofey_Mozgov, http://dbpedia.org/resource/Denver_Nuggets, Center, 2.159
http://dbpedia.org/resource/Joel_Przybilla, http://dbpedia.org/resource/Portland_Trail_Blazers, Center, 2.159
http://dbpedia.org/resource/Tyson_Chandler, http://dbpedia.org/resource/New_York_Knicks, Center, 2.159
http://dbpedia.org/resource/Aaron_Gray, http://dbpedia.org/resource/Toronto_Raptors, Center, 2.1336
http://dbpedia.org/resource/Chris_Kaman, http://dbpedia.org/resource/New_Orleans_Hornets, Center, 2.1336
http://dbpedia.org/resource/Eddy_Curry, http://dbpedia.org/resource/Miami_Heat, Center, 2.1336
http://dbpedia.org/resource/Pau_Gasol, http://dbpedia.org/resource/Los_Angeles_Lakers, Power forward/Center, 2.1336
http://dbpedia.org/resource/Brendan_Haywood, http://dbpedia.org/resource/Dallas_Mavericks, Center, 2.1336
http://dbpedia.org/resource/Hassan_Whiteside, http://dbpedia.org/resource/Sacramento_Kings, Center, 2.1336
http://dbpedia.org/resource/Kosta_Koufos, http://dbpedia.org/resource/Denver_Nuggets, Center, 2.1336
http://dbpedia.org/resource/Semih_Erden, http://dbpedia.org/resource/Cleveland_Cavaliers, Center, 2.1336
http://dbpedia.org/resource/Andrew_Bynum, http://dbpedia.org/resource/Los_Angeles_Lakers, Center, 2.1336
http://dbpedia.org/resource/Jason_Smith_(basketball,_born_1986), http://dbpedia.org/resource/New_Orleans_Hornets, Power forward / Center, 2.1336
http://dbpedia.org/resource/Johan_Petro, http://dbpedia.org/resource/Brooklyn_Nets, Center, 2.1336
http://dbpedia.org/resource/Robin_Lopez, http://dbpedia.org/resource/Phoenix_Suns, Center, 2.1336
http://dbpedia.org/resource/%C3%96mer_A%C5%9F%C4%B1k, http://dbpedia.org/resource/Chicago_Bulls, Center, 2.1336
http://dbpedia.org/resource/Jonas_Valan%C4%8Di%C5%ABnas, http://dbpedia.org/resource/Toronto_Raptors, Center, 2.1336
http://dbpedia.org/resource/Yi_Jianlian, http://dbpedia.org/resource/Dallas_Mavericks, Power forward / Center, 2.1336
http://dbpedia.org/resource/Dirk_Nowitzki, http://dbpedia.org/resource/Dallas_Mavericks, Power forward, 2.1336
http://dbpedia.org/resource/Andrea_Bargnani, http://dbpedia.org/resource/Toronto_Raptors, Power forward / Center, 2.1336
http://dbpedia.org/resource/Brook_Lopez, http://dbpedia.org/resource/Brooklyn_Nets, Center, 2.1336
http://dbpedia.org/resource/Ryan_Hollins, http://dbpedia.org/resource/Boston_Celtics, Center, 2.1336
http://dbpedia.org/resource/Mikki_Moore, http://dbpedia.org/resource/Golden_State_Warriors, Center, 2.1336
http://dbpedia.org/resource/Byron_Mullens, http://dbpedia.org/resource/Charlotte_Bobcats, Center, 2.1336
http://dbpedia.org/resource/Nen%C3%AA, http://dbpedia.org/resource/Washington_Wizards, Power forward / Center, 2.1082
http://dbpedia.org/resource/Chris_Bosh, http://dbpedia.org/resource/Miami_Heat, Power forward, 2.1082
http://dbpedia.org/resource/LaMarcus_Aldridge, http://dbpedia.org/resource/Portland_Trail_Blazers, Power forward / Center, 2.1082
http://dbpedia.org/resource/Marcus_Camby, http://dbpedia.org/resource/Houston_Rockets, Center / Power forward, 2.1082
http://dbpedia.org/resource/Tim_Duncan, http://dbpedia.org/resource/San_Antonio_Spurs, Power forward / Center, 2.1082
http://dbpedia.org/resource/Dont%C3%A9_Greene, http://dbpedia.org/resource/Sacramento_Kings, Small forward/Power forward, 2.1082
http://dbpedia.org/resource/Cole_Aldrich, http://dbpedia.org/resource/Oklahoma_City_Thunder, Center, 2.1082
http://dbpedia.org/resource/DeAndre_Jordan, http://dbpedia.org/resource/Los_Angeles_Clippers, Center, 2.1082
http://dbpedia.org/resource/Greg_Monroe, http://dbpedia.org/resource/Detroit_Pistons, Center / Power forward, 2.1082
http://dbpedia.org/resource/Jason_Thompson_(basketball), http://dbpedia.org/resource/Sacramento_Kings, Power forward / Center, 2.1082
http://dbpedia.org/resource/Greg_Stiemsma, http://dbpedia.org/resource/Boston_Celtics, Center, 2.1082
http://dbpedia.org/resource/Channing_Frye, http://dbpedia.org/resource/Phoenix_Suns, Power forward/Center, 2.1082
http://dbpedia.org/resource/Dexter_Pittman, http://dbpedia.org/resource/Miami_Heat, Center, 2.1082
http://dbpedia.org/resource/Jamaal_Magloire, http://dbpedia.org/resource/Toronto_Raptors, Center, 2.1082
http://dbpedia.org/resource/Marcin_Gortat, http://dbpedia.org/resource/Phoenix_Suns, Center, 2.1082
http://dbpedia.org/resource/Nikola_Pekovi%C4%87, http://dbpedia.org/resource/Minnesota_Timberwolves, Center, 2.1082
http://dbpedia.org/resource/Samuel_Dalembert, http://dbpedia.org/resource/Houston_Rockets, Center, 2.1082
http://dbpedia.org/resource/Austin_Daye, http://dbpedia.org/resource/Detroit_Pistons, Small forward, 2.1082
http://dbpedia.org/resource/DeMarcus_Cousins, http://dbpedia.org/resource/Sacramento_Kings, Center, 2.1082
http://dbpedia.org/resource/Amar'e_Stoudemire, http://dbpedia.org/resource/New_York_Knicks, Power forward / Center, 2.1082
http://dbpedia.org/resource/Jared_Jeffries, http://dbpedia.org/resource/New_York_Knicks, Power forward / Center, 2.1082
http://dbpedia.org/resource/Anderson_Varej%C3%A3o, http://dbpedia.org/resource/Cleveland_Cavaliers, Power forward / Center, 2.1082
http://dbpedia.org/resource/Troy_Murphy, http://dbpedia.org/resource/Los_Angeles_Lakers, Power forward / Center, 2.1082
http://dbpedia.org/resource/Darryl_Watkins, http://dbpedia.org/resource/New_Orleans_Hornets, Center, 2.1082
http://dbpedia.org/resource/Charlie_Villanueva, http://dbpedia.org/resource/Detroit_Pistons, Power forward, 2.1082
http://dbpedia.org/resource/Dan_Gadzuric, http://dbpedia.org/resource/New_York_Knicks, Center, 2.1082
http://dbpedia.org/resource/Ian_Mahinmi, http://dbpedia.org/resource/Dallas_Mavericks, Power forward / Center, 2.1082
http://dbpedia.org/resource/Larry_Sanders_(basketball), http://dbpedia.org/resource/Milwaukee_Bucks, Forward/Center, 2.1082
http://dbpedia.org/resource/Anthony_Randolph, http://dbpedia.org/resource/Minnesota_Timberwolves, Power forward / Center, 2.1082
http://dbpedia.org/resource/Kevin_Garnett, http://dbpedia.org/resource/Boston_Celtics, Power forward / Center, 2.1082
http://dbpedia.org/resource/Emeka_Okafor, http://dbpedia.org/resource/New_Orleans_Hornets, Center/Power forward, 2.0828
http://dbpedia.org/resource/Lamar_Odom, http://dbpedia.org/resource/Dallas_Mavericks, Forward, 2.0828
http://dbpedia.org/resource/Serge_Ibaka, http://dbpedia.org/resource/Oklahoma_City_Thunder, Power forward, 2.0828
http://dbpedia.org/resource/Hedo_T%C3%BCrko%C4%9Flu, http://dbpedia.org/resource/Orlando_Magic, Forward, 2.0828
http://dbpedia.org/resource/Ekpe_Udoh, http://dbpedia.org/resource/Milwaukee_Bucks, Power forward / Center, 2.0828
http://dbpedia.org/resource/Gustavo_Ay%C3%B3n, http://dbpedia.org/resource/New_Orleans_Hornets, Center / Power forward, 2.0828
http://dbpedia.org/resource/Josh_McRoberts, http://dbpedia.org/resource/Los_Angeles_Lakers, Power forward/Center, 2.0828
http://dbpedia.org/resource/Kevin_Love, http://dbpedia.org/resource/Minnesota_Timberwolves, Power Forward / Center, 2.0828
http://dbpedia.org/resource/Ryan_Anderson_(basketball), http://dbpedia.org/resource/Orlando_Magic, Power forward, 2.0828
http://dbpedia.org/resource/Craig_Brackins, http://dbpedia.org/resource/Philadelphia_76ers, Power Forward, 2.0828
http://dbpedia.org/resource/Daniel_Orton, http://dbpedia.org/resource/Orlando_Magic, Center, 2.0828
http://dbpedia.org/resource/Markieff_Morris, http://dbpedia.org/resource/Phoenix_Suns, Power forward, 2.0828
http://dbpedia.org/resource/Brandan_Wright, http://dbpedia.org/resource/Dallas_Mavericks, Power forward / Center, 2.0828
http://dbpedia.org/resource/Danilo_Gallinari, http://dbpedia.org/resource/Denver_Nuggets, Small forward / Power forward, 2.0828
http://dbpedia.org/resource/Ed_Davis_(basketball), http://dbpedia.org/resource/Toronto_Raptors, Power forward, 2.0828
http://dbpedia.org/resource/JaJuan_Johnson, http://dbpedia.org/resource/Boston_Celtics, Power forward, 2.0828
http://dbpedia.org/resource/Jordan_Hill_(basketball), http://dbpedia.org/resource/Los_Angeles_Lakers, Power forward / Center, 2.0828
http://dbpedia.org/resource/Justin_Harper_(basketball), http://dbpedia.org/resource/Orlando_Magic, Power Forward, 2.0828
http://dbpedia.org/resource/Trey_Thompkins, http://dbpedia.org/resource/Los_Angeles_Clippers, Power Forward, 2.0828
http://dbpedia.org/resource/Vernon_Macklin, http://dbpedia.org/resource/Detroit_Pistons, Power forward / Center, 2.0828
http://dbpedia.org/resource/Chris_Andersen, http://dbpedia.org/resource/Denver_Nuggets, Power forward / Center, 2.0828
http://dbpedia.org/resource/Jonas_Jerebko, http://dbpedia.org/resource/Detroit_Pistons, Forward, 2.0828
http://dbpedia.org/resource/Blake_Griffin, http://dbpedia.org/resource/Los_Angeles_Clippers, Power Forward, 2.0828
http://dbpedia.org/resource/Earl_Clark, http://dbpedia.org/resource/Orlando_Magic, Forward, 2.0828
http://dbpedia.org/resource/Kendrick_Perkins, http://dbpedia.org/resource/Oklahoma_City_Thunder, Center, 2.0828
http://dbpedia.org/resource/Michael_Beasley, http://dbpedia.org/resource/Minnesota_Timberwolves, Small forward / Power forward, 2.0828
http://dbpedia.org/resource/Tyrus_Thomas, http://dbpedia.org/resource/Charlotte_Bobcats, Power forward / Small forward, 2.0828
http://dbpedia.org/resource/Nick_Collison, http://dbpedia.org/resource/Oklahoma_City_Thunder, Power forward/Center, 2.0828
http://dbpedia.org/resource/Drew_Gooden, http://dbpedia.org/resource/Milwaukee_Bucks, Power forward / Center, 2.0828
http://dbpedia.org/resource/Ersan_%C4%B0lyasova, http://dbpedia.org/resource/Milwaukee_Bucks, Power forward / Center, 2.0828
http://dbpedia.org/resource/Antawn_Jamison, http://dbpedia.org/resource/Cleveland_Cavaliers, Power forward / Center, 2.0574
http://dbpedia.org/resource/Luol_Deng, http://dbpedia.org/resource/Chicago_Bulls, Small forward, 2.0574
http://dbpedia.org/resource/Amir_Johnson, http://dbpedia.org/resource/Toronto_Raptors, Power Forward, 2.0574
http://dbpedia.org/resource/Brian_Cook, http://dbpedia.org/resource/Washington_Wizards, Power Forward / Center, 2.0574
http://dbpedia.org/resource/Carl_Landry, http://dbpedia.org/resource/New_Orleans_Hornets, Power Forward, 2.0574
http://dbpedia.org/resource/David_West_(basketball), http://dbpedia.org/resource/Indiana_Pacers, Power forward, 2.0574
http://dbpedia.org/resource/Dorell_Wright, http://dbpedia.org/resource/Golden_State_Warriors, Small forward, 2.0574
http://dbpedia.org/resource/Kurt_Thomas_(basketball), http://dbpedia.org/resource/Portland_Trail_Blazers, Power forward / center, 2.0574
http://dbpedia.org/resource/Luis_Scola, http://dbpedia.org/resource/Houston_Rockets, Forward-Center, 2.0574
http://dbpedia.org/resource/Mike_Dunleavy,_Jr., http://dbpedia.org/resource/Milwaukee_Bucks, Small forward / Shooting guard, 2.0574
http://dbpedia.org/resource/Omri_Casspi, http://dbpedia.org/resource/Cleveland_Cavaliers, Small Forward, 2.0574
http://dbpedia.org/resource/Ben_Wallace, http://dbpedia.org/resource/Detroit_Pistons, Center / Power forward, 2.0574
http://dbpedia.org/resource/Brian_Scalabrine, http://dbpedia.org/resource/Chicago_Bulls, Power forward / Small forward, 2.0574
http://dbpedia.org/resource/D._J._White, http://dbpedia.org/resource/Charlotte_Bobcats, Power Forward, 2.0574
http://dbpedia.org/resource/James_Johnson_(basketball_player), http://dbpedia.org/resource/Toronto_Raptors, Small Forward, 2.0574
http://dbpedia.org/resource/Jeff_Pendergraph, http://dbpedia.org/resource/Indiana_Pacers, Power forward / Center, 2.0574
http://dbpedia.org/resource/Joel_Anthony, http://dbpedia.org/resource/Miami_Heat, Center, 2.0574
http://dbpedia.org/resource/Juwan_Howard, http://dbpedia.org/resource/Miami_Heat, Power forward / center, 2.0574
http://dbpedia.org/resource/Kenyon_Martin, http://dbpedia.org/resource/Los_Angeles_Clippers, Power forward, 2.0574
http://dbpedia.org/resource/Louis_Amundson, http://dbpedia.org/resource/Indiana_Pacers, Power forward/Center, 2.0574
http://dbpedia.org/resource/Luke_Babbitt, http://dbpedia.org/resource/Portland_Trail_Blazers, Small forward / Power forward, 2.0574
http://dbpedia.org/resource/Marcus_Morris_(basketball), http://dbpedia.org/resource/Houston_Rockets, Forward, 2.0574
http://dbpedia.org/resource/Samardo_Samuels, http://dbpedia.org/resource/Cleveland_Cavaliers, Power forward / Center, 2.0574
http://dbpedia.org/resource/Shelden_Williams, http://dbpedia.org/resource/Brooklyn_Nets, Power forward, 2.0574
http://dbpedia.org/resource/Tristan_Thompson, http://dbpedia.org/resource/Cleveland_Cavaliers, Power forward / Center, 2.0574
http://dbpedia.org/resource/Devin_Ebanks, http://dbpedia.org/resource/Los_Angeles_Lakers, Small forward, 2.0574
http://dbpedia.org/resource/Al_Harrington, http://dbpedia.org/resource/Denver_Nuggets, Power forward / Small forward / Center, 2.0574
http://dbpedia.org/resource/Tyler_Hansbrough, http://dbpedia.org/resource/Indiana_Pacers, Power forward, 2.0574
http://dbpedia.org/resource/Shawne_Williams, http://dbpedia.org/resource/Portland_Trail_Blazers, Small forward / Power forward, 2.0574
http://dbpedia.org/resource/Taj_Gibson, http://dbpedia.org/resource/Chicago_Bulls, Power forward, 2.0574
http://dbpedia.org/resource/J._J._Hickson, http://dbpedia.org/resource/Portland_Trail_Blazers, Power forward, 2.0574
http://dbpedia.org/resource/David_Lee_(basketball), http://dbpedia.org/resource/Golden_State_Warriors, Power forward / Center, 2.0574
http://dbpedia.org/resource/Elton_Brand, http://dbpedia.org/resource/Philadelphia_76ers, Power forward, 2.0574
http://dbpedia.org/resource/Glen_Davis_(basketball), http://dbpedia.org/resource/Orlando_Magic, Power forward / Center, 2.0574
http://dbpedia.org/resource/Tayshaun_Prince, http://dbpedia.org/resource/Detroit_Pistons, Small forward, 2.0574
http://dbpedia.org/resource/Travis_Outlaw, http://dbpedia.org/resource/Sacramento_Kings, Small forward / Power forward, 2.0574
http://dbpedia.org/resource/Al-Farouq_Aminu, http://dbpedia.org/resource/New_Orleans_Hornets, Small forward / Power forward, 2.0574
http://dbpedia.org/resource/Hakim_Warrick, http://dbpedia.org/resource/Phoenix_Suns, Power forward, 2.0574
http://dbpedia.org/resource/Kevin_Durant, http://dbpedia.org/resource/Oklahoma_City_Thunder, Small forward, 2.0574
http://dbpedia.org/resource/Kris_Humphries, http://dbpedia.org/resource/Brooklyn_Nets, Power forward, 2.0574
http://dbpedia.org/resource/Carlos_Boozer, http://dbpedia.org/resource/Chicago_Bulls, Power forward, 2.0574
http://dbpedia.org/resource/Patrick_Patterson_(basketball), http://dbpedia.org/resource/Houston_Rockets, Power forward / Center, 2.0574
http://dbpedia.org/resource/Boris_Diaw, http://dbpedia.org/resource/San_Antonio_Spurs, Power forward / Center, 2.032
http://dbpedia.org/resource/Trevor_Ariza, http://dbpedia.org/resource/New_Orleans_Hornets, Small forward / Shooting guard, 2.032
http://dbpedia.org/resource/Carmelo_Anthony, http://dbpedia.org/resource/New_York_Knicks, Small forward, 2.032
http://dbpedia.org/resource/Derrick_Brown_(basketball), http://dbpedia.org/resource/Charlotte_Bobcats, Small forward / Power forward, 2.032
http://dbpedia.org/resource/Josh_Childress, http://dbpedia.org/resource/Phoenix_Suns, Small forward / Power forward, 2.032
http://dbpedia.org/resource/Kenneth_Faried, http://dbpedia.org/resource/Denver_Nuggets, Power forward, 2.032
http://dbpedia.org/resource/Luc_Mbah_a_Moute, http://dbpedia.org/resource/Milwaukee_Bucks, Small forward / Power forward, 2.032
http://dbpedia.org/resource/Derrick_Williams_(basketball), http://dbpedia.org/resource/Minnesota_Timberwolves, Small forward / Power forward, 2.032
http://dbpedia.org/resource/Jamario_Moon, http://dbpedia.org/resource/Charlotte_Bobcats, Small forward, 2.032
http://dbpedia.org/resource/James_Singleton_(basketball), http://dbpedia.org/resource/Washington_Wizards, Small forward / Power forward, 2.032
http://dbpedia.org/resource/Lance_Thomas, http://dbpedia.org/resource/New_Orleans_Hornets, Forward, 2.032
http://dbpedia.org/resource/Linas_Kleiza, http://dbpedia.org/resource/Toronto_Raptors, Small forward, 2.032
http://dbpedia.org/resource/Paul_George_(basketball), http://dbpedia.org/resource/Indiana_Pacers, Small forward/Shooting guard, 2.032
http://dbpedia.org/resource/Reggie_Evans, http://dbpedia.org/resource/Los_Angeles_Clippers, Power forward, 2.032
http://dbpedia.org/resource/Shane_Battier, http://dbpedia.org/resource/Miami_Heat, Small forward / Shooting guard, 2.032
http://dbpedia.org/resource/Tyler_Honeycutt, http://dbpedia.org/resource/Sacramento_Kings, Small forward, 2.032
http://dbpedia.org/resource/Wayne_Englestad, http://dbpedia.org/resource/Denver_Nuggets, forward, 2.032
http://dbpedia.org/resource/Tobias_Harris, http://dbpedia.org/resource/Milwaukee_Bucks, Forward, 2.032
http://dbpedia.org/resource/Thaddeus_Young, http://dbpedia.org/resource/Philadelphia_76ers, Forward, 2.032
http://dbpedia.org/resource/Anthony_Tolliver, http://dbpedia.org/resource/Minnesota_Timberwolves, Power Forward, 2.032
http://dbpedia.org/resource/Brian_Cardinal, http://dbpedia.org/resource/Dallas_Mavericks, Forward, 2.032
http://dbpedia.org/resource/Danny_Granger, http://dbpedia.org/resource/Indiana_Pacers, Small forward, 2.032
http://dbpedia.org/resource/Eduardo_N%C3%A1jera, http://dbpedia.org/resource/Charlotte_Bobcats, Power forward / Small forward, 2.032
http://dbpedia.org/resource/James_Jones_(basketball_player), http://dbpedia.org/resource/Miami_Heat, Small forward, 2.032
http://dbpedia.org/resource/Udonis_Haslem, http://dbpedia.org/resource/Miami_Heat, Power forward, 2.032
http://dbpedia.org/resource/Gerald_Green, http://dbpedia.org/resource/Brooklyn_Nets, Shooting guard / Small forward, 2.032
http://dbpedia.org/resource/Luke_Walton, http://dbpedia.org/resource/Cleveland_Cavaliers, Small forward, 2.032
http://dbpedia.org/resource/Brandon_Bass, http://dbpedia.org/resource/Boston_Celtics, Power forward, 2.032
http://dbpedia.org/resource/Wilson_Chandler, http://dbpedia.org/resource/Denver_Nuggets, Small forward / Shooting guard, 2.032
http://dbpedia.org/resource/LeBron_James, http://dbpedia.org/resource/Miami_Heat, Small forward, 2.032
http://dbpedia.org/resource/Nicolas_Batum, http://dbpedia.org/resource/Portland_Trail_Blazers, Small forward / Shooting guard, 2.032
http://dbpedia.org/resource/Richard_Hamilton_(basketball), http://dbpedia.org/resource/Chicago_Bulls, Shooting guard / Small forward, 2.0066
http://dbpedia.org/resource/Shaun_Livingston, http://dbpedia.org/resource/Milwaukee_Bucks, Point guard / Shooting guard, 2.0066
http://dbpedia.org/resource/Kyle_Korver, http://dbpedia.org/resource/Chicago_Bulls, Shooting guard / Small forward, 2.0066
http://dbpedia.org/resource/Metta_World_Peace, http://dbpedia.org/resource/Los_Angeles_Lakers, Small forward, 2.0066
http://dbpedia.org/resource/Richard_Jefferson, http://dbpedia.org/resource/Golden_State_Warriors, Small forward, 2.0066
http://dbpedia.org/resource/Ryan_Gomes, http://dbpedia.org/resource/Los_Angeles_Clippers, Small forward / Power forward, 2.0066
http://dbpedia.org/resource/Martell_Webster, http://dbpedia.org/resource/Minnesota_Timberwolves, Shooting guard / Small forward, 2.0066
http://dbpedia.org/resource/Jimmy_Butler_(basketball), http://dbpedia.org/resource/Chicago_Bulls, Small Forward / Shooting Guard, 2.0066
http://dbpedia.org/resource/Chase_Budinger, http://dbpedia.org/resource/Houston_Rockets, Small forward, 2.0066
http://dbpedia.org/resource/Damion_James, http://dbpedia.org/resource/Brooklyn_Nets, Small Forward, 2.0066
http://dbpedia.org/resource/DeJuan_Blair, http://dbpedia.org/resource/San_Antonio_Spurs, Power Forward/Center, 2.0066
http://dbpedia.org/resource/Gerald_Wallace, http://dbpedia.org/resource/Brooklyn_Nets, Small Forward, 2.0066
http://dbpedia.org/resource/Jared_Dudley, http://dbpedia.org/resource/Phoenix_Suns, Small forward / Shooting guard, 2.0066
http://dbpedia.org/resource/Jason_Maxiell, http://dbpedia.org/resource/Detroit_Pistons, Power forward, 2.0066
http://dbpedia.org/resource/Jon_Brockman, http://dbpedia.org/resource/Milwaukee_Bucks, Power Forward, 2.0066
http://dbpedia.org/resource/Jordan_Hamilton, http://dbpedia.org/resource/Denver_Nuggets, Small forward / Shooting guard, 2.0066
http://dbpedia.org/resource/Shawn_Marion, http://dbpedia.org/resource/Dallas_Mavericks, Small forward / Shooting guard, 2.0066
http://dbpedia.org/resource/Wesley_Johnson_(basketball), http://dbpedia.org/resource/Minnesota_Timberwolves, Shooting Guard / Small Forward, 2.0066
http://dbpedia.org/resource/Christian_Eyenga, http://dbpedia.org/resource/Los_Angeles_Lakers, Small Forward / Shooting Guard, 2.0066
http://dbpedia.org/resource/DeMar_DeRozan, http://dbpedia.org/resource/Toronto_Raptors, Shooting Guard, 2.0066
http://dbpedia.org/resource/Francisco_Garc%C3%ADa, http://dbpedia.org/resource/Sacramento_Kings, Guardâ€“Forward, 2.0066
http://dbpedia.org/resource/Thabo_Sefolosha, http://dbpedia.org/resource/Oklahoma_City_Thunder, Guard/Forward, 2.0066
http://dbpedia.org/resource/Luke_Harangody, http://dbpedia.org/resource/Cleveland_Cavaliers, Forward, 2.0066
http://dbpedia.org/resource/Derrick_Byars, http://dbpedia.org/resource/San_Antonio_Spurs, Small forward / Shooting guard, 2.0066
http://dbpedia.org/resource/Evan_Turner, http://dbpedia.org/resource/Philadelphia_76ers, Guard / Small forward, 2.0066
http://dbpedia.org/resource/Matt_Barnes, http://dbpedia.org/resource/Los_Angeles_Lakers, Small forward, 2.0066
http://dbpedia.org/resource/Ronnie_Brewer, http://dbpedia.org/resource/Chicago_Bulls, Shooting guard / Small forward, 2.0066
http://dbpedia.org/resource/Caron_Butler, http://dbpedia.org/resource/Los_Angeles_Clippers, Small Forward, 2.0066
http://dbpedia.org/resource/Kevin_Martin_(basketball), http://dbpedia.org/resource/Houston_Rockets, Shooting guard / Small forward, 2.0066
http://dbpedia.org/resource/Sasha_Pavlovi%C4%87, http://dbpedia.org/resource/Boston_Celtics, Small forward / Shooting guard, 2.0066
http://dbpedia.org/resource/Craig_Smith, http://dbpedia.org/resource/Portland_Trail_Blazers, Power forward, 2.0066
http://dbpedia.org/resource/Gary_Forbes, http://dbpedia.org/resource/Toronto_Raptors, Small forward, 2.0066
http://dbpedia.org/resource/Kobe_Bryant, http://dbpedia.org/resource/Los_Angeles_Lakers, Shooting guard, 1.9812
http://dbpedia.org/resource/Michael_Redd, http://dbpedia.org/resource/Phoenix_Suns, Shooting guard, 1.9812
http://dbpedia.org/resource/Rudy_Fern%C3%A1ndez_(basketball), http://dbpedia.org/resource/Denver_Nuggets, Shooting guard / Small forward, 1.9812
http://dbpedia.org/resource/Terrence_Williams, http://dbpedia.org/resource/Sacramento_Kings, Small forward / Shooting guard, 1.9812
http://dbpedia.org/resource/Alonzo_Gee, http://dbpedia.org/resource/Cleveland_Cavaliers, Small forward / Shooting guard, 1.9812
http://dbpedia.org/resource/Chuck_Hayes, http://dbpedia.org/resource/Sacramento_Kings, Center / Power forward, 1.9812
http://dbpedia.org/resource/Dahntay_Jones, http://dbpedia.org/resource/Indiana_Pacers, Shooting guard / Small forward, 1.9812
http://dbpedia.org/resource/Matt_Carroll_(basketball), http://dbpedia.org/resource/Charlotte_Bobcats, Shooting Guard, 1.9812
http://dbpedia.org/resource/Reggie_Williams_(basketball,_born_1986), http://dbpedia.org/resource/Charlotte_Bobcats, Small forward / Shooting guard, 1.9812
http://dbpedia.org/resource/DeAndre_Liggins, http://dbpedia.org/resource/Orlando_Magic, Shooting Guard, 1.9812
http://dbpedia.org/resource/Julyan_Stone, http://dbpedia.org/resource/Denver_Nuggets, Shooting guard / Small forward, 1.9812
http://dbpedia.org/resource/Greivis_V%C3%A1squez, http://dbpedia.org/resource/New_Orleans_Hornets, Point guard / Shooting guard, 1.9812
http://dbpedia.org/resource/Anthony_Parker, http://dbpedia.org/resource/Cleveland_Cavaliers, Shooting Guard/Small Forward, 1.9812
http://dbpedia.org/resource/Corey_Maggette, http://dbpedia.org/resource/Charlotte_Bobcats, Small forward / Shooting guard, 1.9812
http://dbpedia.org/resource/Damien_Wilkins, http://dbpedia.org/resource/Detroit_Pistons, Small forward / Shooting guard, 1.9812
http://dbpedia.org/resource/John_Salmons, http://dbpedia.org/resource/Sacramento_Kings, Shooting guard / Small forward, 1.9812
http://dbpedia.org/resource/Marquis_Daniels, http://dbpedia.org/resource/Boston_Celtics, Shooting guard / Small forward, 1.9812
http://dbpedia.org/resource/Micka%C3%ABl_Pi%C3%A9trus, http://dbpedia.org/resource/Boston_Celtics, Small forward / Shooting guard, 1.9812
http://dbpedia.org/resource/Morris_Almond, http://dbpedia.org/resource/Washington_Wizards, Small forward / Shooting guard, 1.9812
http://dbpedia.org/resource/Jason_Richardson, http://dbpedia.org/resource/Orlando_Magic, Shooting guard, 1.9812
http://dbpedia.org/resource/Carlos_Delfino, http://dbpedia.org/resource/Milwaukee_Bucks, Small forward / Shooting guard, 1.9812
http://dbpedia.org/resource/Manu_Gin%C3%B3bili, http://dbpedia.org/resource/San_Antonio_Spurs, Shooting guard, 1.9812
http://dbpedia.org/resource/Lazar_Hayward, http://dbpedia.org/resource/Oklahoma_City_Thunder, Small forward, 1.9812
http://dbpedia.org/resource/Quentin_Richardson, http://dbpedia.org/resource/Orlando_Magic, Small forward, 1.9812
http://dbpedia.org/resource/Andre_Iguodala, http://dbpedia.org/resource/Philadelphia_76ers, Shooting guard / Small forward, 1.9812
http://dbpedia.org/resource/Tyreke_Evans, http://dbpedia.org/resource/Sacramento_Kings, Guard / Small forward, 1.9812
http://dbpedia.org/resource/Ray_Allen, http://dbpedia.org/resource/Boston_Celtics, Shooting guard, 1.9558
http://dbpedia.org/resource/Jamal_Crawford, http://dbpedia.org/resource/Portland_Trail_Blazers, Guard, 1.9558
http://dbpedia.org/resource/Arron_Afflalo, http://dbpedia.org/resource/Denver_Nuggets, Shooting guard, 1.9558
http://dbpedia.org/resource/Courtney_Lee, http://dbpedia.org/resource/Houston_Rockets, Shooting guard/Small forward, 1.9558
http://dbpedia.org/resource/Dominique_Jones, http://dbpedia.org/resource/Dallas_Mavericks, Shooting Guard, 1.9558
http://dbpedia.org/resource/Gerald_Henderson,_Jr., http://dbpedia.org/resource/Charlotte_Bobcats, Shooting guard / Small forward, 1.9558
http://dbpedia.org/resource/Cory_Higgins, http://dbpedia.org/resource/Charlotte_Bobcats, Combo guard, 1.9558
http://dbpedia.org/resource/Daequan_Cook, http://dbpedia.org/resource/Oklahoma_City_Thunder, Shooting guard / Small forward, 1.9558
http://dbpedia.org/resource/Malcolm_Lee_(basketball), http://dbpedia.org/resource/Minnesota_Timberwolves, Shooting guard, 1.9558
http://dbpedia.org/resource/MarShon_Brooks, http://dbpedia.org/resource/Brooklyn_Nets, Shooting guard / Small forward, 1.9558
http://dbpedia.org/resource/Rodney_Stuckey, http://dbpedia.org/resource/Detroit_Pistons, Guard, 1.9558
http://dbpedia.org/resource/Anthony_Morrow, http://dbpedia.org/resource/Brooklyn_Nets, Shooting guard, 1.9558
http://dbpedia.org/resource/DeShawn_Stevenson, http://dbpedia.org/resource/Brooklyn_Nets, Shooting guard / Small forward, 1.9558
http://dbpedia.org/resource/Marco_Belinelli, http://dbpedia.org/resource/New_Orleans_Hornets, Shooting guard, 1.9558
http://dbpedia.org/resource/Elliot_Williams, http://dbpedia.org/resource/Portland_Trail_Blazers, Shooting guard, 1.9558
http://dbpedia.org/resource/Lance_Stephenson, http://dbpedia.org/resource/Indiana_Pacers, Shooting guard / Point guard, 1.9558
http://dbpedia.org/resource/Jason_Kidd, http://dbpedia.org/resource/Dallas_Mavericks, Guard, 1.9304
http://dbpedia.org/resource/Royal_Ivey, http://dbpedia.org/resource/Oklahoma_City_Thunder, Guard, 1.9304
http://dbpedia.org/resource/Travis_Leslie, http://dbpedia.org/resource/Los_Angeles_Clippers, Shooting guard, 1.9304
http://dbpedia.org/resource/Ricky_Rubio, http://dbpedia.org/resource/Minnesota_Timberwolves, Point guard, 1.9304
http://dbpedia.org/resource/Wayne_Ellington, http://dbpedia.org/resource/Minnesota_Timberwolves, Shooting guard, 1.9304
http://dbpedia.org/resource/J._J._Redick, http://dbpedia.org/resource/Orlando_Magic, Shooting Guard / Point Guard, 1.9304
http://dbpedia.org/resource/Jodie_Meeks, http://dbpedia.org/resource/Philadelphia_76ers, Shooting guard, 1.9304
http://dbpedia.org/resource/Jordan_Crawford, http://dbpedia.org/resource/Washington_Wizards, Shooting guard, 1.9304
http://dbpedia.org/resource/Jrue_Holiday, http://dbpedia.org/resource/Philadelphia_76ers, Point Guard, 1.9304
http://dbpedia.org/resource/Marcus_Thornton_(basketball,_born_1987), http://dbpedia.org/resource/Sacramento_Kings, Shooting guard / Point guard, 1.9304
http://dbpedia.org/resource/Gilbert_Arenas, http://dbpedia.org/resource/Memphis_Grizzlies, Guard, 1.9304
http://dbpedia.org/resource/Terrel_Harris, http://dbpedia.org/resource/Miami_Heat, Guard, 1.9304
http://dbpedia.org/resource/Shannon_Brown, http://dbpedia.org/resource/Phoenix_Suns, Shooting guard / Point guard, 1.9304
http://dbpedia.org/resource/Dwyane_Wade, http://dbpedia.org/resource/Miami_Heat, Shooting guard / Point guard, 1.9304
http://dbpedia.org/resource/Chauncey_Billups, http://dbpedia.org/resource/Los_Angeles_Clippers, Guard, 1.905
http://dbpedia.org/resource/Steve_Nash, http://dbpedia.org/resource/Phoenix_Suns, Point guard, 1.905
http://dbpedia.org/resource/Beno_Udrih, http://dbpedia.org/resource/Milwaukee_Bucks, Point guard / Shooting guard, 1.905
http://dbpedia.org/resource/Dell_Demps, http://dbpedia.org/resource/New_Orleans_Hornets, General Manager, 1.905
http://dbpedia.org/resource/Keyon_Dooling, http://dbpedia.org/resource/Boston_Celtics, Point guard / Shooting guard, 1.905
http://dbpedia.org/resource/Steve_Blake, http://dbpedia.org/resource/Los_Angeles_Lakers, Point guard, 1.905
http://dbpedia.org/resource/Andrew_Goudelock, http://dbpedia.org/resource/Los_Angeles_Lakers, Point guard / Shooting guard, 1.905
http://dbpedia.org/resource/Reggie_Jackson_(basketball), http://dbpedia.org/resource/Oklahoma_City_Thunder, Point guard, 1.905
http://dbpedia.org/resource/Ben_Gordon_(basketball), http://dbpedia.org/resource/Detroit_Pistons, Shooting guard, 1.905
http://dbpedia.org/resource/Goran_Dragi%C4%87, http://dbpedia.org/resource/Houston_Rockets, Point guard / Shooting guard, 1.905
http://dbpedia.org/resource/Jerryd_Bayless, http://dbpedia.org/resource/Toronto_Raptors, Point guard / Shooting guard, 1.905
http://dbpedia.org/resource/Deron_Williams, http://dbpedia.org/resource/Brooklyn_Nets, Point guard, 1.905
http://dbpedia.org/resource/Kyrie_Irving, http://dbpedia.org/resource/Cleveland_Cavaliers, Point guard, 1.905
http://dbpedia.org/resource/Jos%C3%A9_Calder%C3%B3n_(basketball), http://dbpedia.org/resource/Toronto_Raptors, Point guard, 1.905
http://dbpedia.org/resource/Delonte_West, http://dbpedia.org/resource/Dallas_Mavericks, Shooting guard / Point guard, 1.905
http://dbpedia.org/resource/Derrick_Rose, http://dbpedia.org/resource/Chicago_Bulls, Point guard, 1.905
http://dbpedia.org/resource/Eric_Gordon, http://dbpedia.org/resource/New_Orleans_Hornets, Shooting guard, 1.905
http://dbpedia.org/resource/Russell_Westbrook, http://dbpedia.org/resource/Oklahoma_City_Thunder, Point guard, 1.905
http://dbpedia.org/resource/Leandro_Barbosa, http://dbpedia.org/resource/Indiana_Pacers, Guard, 1.905
http://dbpedia.org/resource/Armon_Johnson, http://dbpedia.org/resource/Brooklyn_Nets, Point guard, 1.905
http://dbpedia.org/resource/Baron_Davis, http://dbpedia.org/resource/New_York_Knicks, Point guard, 1.905
http://dbpedia.org/resource/Brandon_Knight_(basketball), http://dbpedia.org/resource/Detroit_Pistons, Point Guard, 1.905
http://dbpedia.org/resource/Jarrett_Jack, http://dbpedia.org/resource/New_Orleans_Hornets, Guard, 1.905
http://dbpedia.org/resource/Ramon_Sessions, http://dbpedia.org/resource/Los_Angeles_Lakers, Point guard / Shooting guard, 1.905
http://dbpedia.org/resource/Mike_Bibby, http://dbpedia.org/resource/New_York_Knicks, Point guard, 1.8796
http://dbpedia.org/resource/A._J._Price, http://dbpedia.org/resource/Indiana_Pacers, Point guard, 1.8796
http://dbpedia.org/resource/Jason_Terry, http://dbpedia.org/resource/Dallas_Mavericks, Guard, 1.8796
http://dbpedia.org/resource/George_Hill_(basketball), http://dbpedia.org/resource/Indiana_Pacers, Point Guard/Shooting Guard, 1.8796
http://dbpedia.org/resource/Rodrigue_Beaubois, http://dbpedia.org/resource/Dallas_Mavericks, Shooting guard, 1.8796
http://dbpedia.org/resource/Avery_Bradley, http://dbpedia.org/resource/Boston_Celtics, Shooting guard / Point guard, 1.8796
http://dbpedia.org/resource/Jimmer_Fredette, http://dbpedia.org/resource/Sacramento_Kings, Guard, 1.8796
http://dbpedia.org/resource/Nolan_Smith, http://dbpedia.org/resource/Portland_Trail_Blazers, Point guard, 1.8796
http://dbpedia.org/resource/Daniel_Gibson, http://dbpedia.org/resource/Cleveland_Cavaliers, Guard, 1.8796
http://dbpedia.org/resource/Jordan_Farmar, http://dbpedia.org/resource/Brooklyn_Nets, Point guard, 1.8796
http://dbpedia.org/resource/Norris_Cole_(basketball), http://dbpedia.org/resource/Miami_Heat, Point guard, 1.8796
http://dbpedia.org/resource/Blake_Ahearn, http://dbpedia.org/resource/Utah_Jazz, Guard, 1.8796
http://dbpedia.org/resource/Andre_Miller, http://dbpedia.org/resource/Denver_Nuggets, Point guard, 1.8796
http://dbpedia.org/resource/C._J._Watson, http://dbpedia.org/resource/Chicago_Bulls, Guard, 1.8796
http://dbpedia.org/resource/Luke_Ridnour, http://dbpedia.org/resource/Minnesota_Timberwolves, Point guard, 1.8796
http://dbpedia.org/resource/Ronnie_Price, http://dbpedia.org/resource/Phoenix_Suns, Point guard, 1.8796
http://dbpedia.org/resource/Mario_Chalmers, http://dbpedia.org/resource/Miami_Heat, Point guard, 1.8796
http://dbpedia.org/resource/Brandon_Jennings, http://dbpedia.org/resource/Milwaukee_Bucks, Point guard, 1.8542
http://dbpedia.org/resource/Chris_Duhon, http://dbpedia.org/resource/Orlando_Magic, Point guard, 1.8542
http://dbpedia.org/resource/Eric_Bledsoe, http://dbpedia.org/resource/Los_Angeles_Clippers, Point guard, 1.8542
http://dbpedia.org/resource/Louis_Williams, http://dbpedia.org/resource/Philadelphia_76ers, Guard, 1.8542
http://dbpedia.org/resource/Kemba_Walker, http://dbpedia.org/resource/Charlotte_Bobcats, Point guard, 1.8542
http://dbpedia.org/resource/Mo_Williams, http://dbpedia.org/resource/Los_Angeles_Clippers, Point guard, 1.8542
http://dbpedia.org/resource/Rajon_Rondo, http://dbpedia.org/resource/Boston_Celtics, Point guard, 1.8542
http://dbpedia.org/resource/Raymond_Felton, http://dbpedia.org/resource/Portland_Trail_Blazers, Point guard, 1.8542
http://dbpedia.org/resource/Chris_Paul, http://dbpedia.org/resource/Los_Angeles_Clippers, Point guard, 1.8288
http://dbpedia.org/resource/Kyle_Lowry, http://dbpedia.org/resource/Houston_Rockets, Point guard, 1.8288
http://dbpedia.org/resource/Patrick_Mills, http://dbpedia.org/resource/San_Antonio_Spurs, Point guard, 1.8288
http://dbpedia.org/resource/Will_Bynum, http://dbpedia.org/resource/Detroit_Pistons, Point guard, 1.8288
http://dbpedia.org/resource/Walker_Russell,_Jr., http://dbpedia.org/resource/Detroit_Pistons, Point guard, 1.8288
http://dbpedia.org/resource/Jos%C3%A9_Juan_Barea, http://dbpedia.org/resource/Minnesota_Timberwolves, Point guard, 1.8288
http://dbpedia.org/resource/Jonny_Flynn, http://dbpedia.org/resource/Portland_Trail_Blazers, Point guard, 1.8288
http://dbpedia.org/resource/Sebastian_Telfair, http://dbpedia.org/resource/Phoenix_Suns, Point guard, 1.8288
http://dbpedia.org/resource/Jameer_Nelson, http://dbpedia.org/resource/Orlando_Magic, Point guard, 1.8288
http://dbpedia.org/resource/Ish_Smith, http://dbpedia.org/resource/Orlando_Magic, Point guard, 1.8288
http://dbpedia.org/resource/D._J._Augustin, http://dbpedia.org/resource/Charlotte_Bobcats, Point guard / Shooting guard, 1.8288
http://dbpedia.org/resource/Darren_Collison, http://dbpedia.org/resource/Indiana_Pacers, Point guard, 1.8288
http://dbpedia.org/resource/Ty_Lawson, http://dbpedia.org/resource/Denver_Nuggets, Point guard, 1.8034
http://dbpedia.org/resource/John_Lucas_III, http://dbpedia.org/resource/Chicago_Bulls, Point guard, 1.8034
http://dbpedia.org/resource/Nate_Robinson, http://dbpedia.org/resource/Golden_State_Warriors, Point guard, 1.7526
http://dbpedia.org/resource/Earl_Boykins, http://dbpedia.org/resource/Houston_Rockets, Point guard, 1.651
